{"train_acc": [1.0, 1.0, 1.0, 1.0, 1.0], "val_acc": [0.9666666666666667, 0.9666666666666667, 0.9666666666666667, 0.9666666666666667, 0.9666666666666667]}