{"train_acc": [0.6198630136986302, 0.6398630136986302, 0.6598630136986302, 0.6798630136986301, 0.6998630136986301], "val_acc": [0.6746031746031746, 0.6746031746031746, 0.6746031746031746, 0.6746031746031746, 0.6746031746031746]}